state,class_code,description,base_rate
CA,0005,NURSERIES – PROPAGATION AND CULTIVATION,5.140
CA,0016,ORCHARDS – CITRUS OR DECIDUOUS FRUITS,6.635
CA,0034,"POULTRY RAISING; SHEEP, HOG OR CALF FARMS",6.440
CA,0035,FLORISTS – CULTIVATING OR GARDENING,4.513
CA,0036,DAIRY FARMS,7.346
CA,0038,STOCK FARMS; LIVESTOCK FEED YARDS,9.569
CA,0040,VINEYARDS,3.800
CA,0041,POTATO CROPS,4.469
CA,0042,LANDSCAPE GARDENING,5.777
CA,0045,ORCHARDS – NUT CROPS,5.141
CA,0050,FARM MACHINERY OPERATION,5.901
CA,0079,STRAWBERRY CROPS,2.549
CA,0096,"NUT HULLING, SHELLING OR PROCESSING",5.458
CA,0106,"TREE PRUNING, REPAIRING OR TRIMMING",12.836
CA,0171,FIELD CROPS,5.482
CA,0172,TRUCK FARMS,3.994
CA,0251,"IRRIGATION, DRAINAGE OR RECLAMATION WORKS",3.496
CA,0401,COTTON GIN OPERATION,8.482
CA,1122,MINING – SURFACE,3.026
CA,1320,OIL/GAS LEASE OPERATORS,1.500
CA,1322,OIL/GAS WELL SERVICING,4.471
CA,1330,BLASTING,3.134
CA,1438,"SMELTING, SINTERING, REFINING OR ALLOYING",5.054
CA,1452,MINING – ORE MILLING,2.073
CA,1463,ASPHALT WORKS; BRIQUETTE MFG; COKE MFG,3.553
CA,1624,QUARRIES; EXCAVATION – ROCK,3.731
CA,1699,"ROCK, MINERAL OR GLASS WOOL MFG",1.953
CA,1701,CEMENT MFG,4.420
CA,1710,STONE CRUSHING,4.381
CA,1741,SILICA GRINDING; PLASTER MILLS,4.530
CA,1803,STONE CUTTING OR FABRICATION,8.722
CA,1925,DIE CASTING MFG,12.583
CA,2002,MACARONI MFG,9.122
CA,2003,BAKERIES AND CRACKER MFG,6.306
CA,2004,BAKED GOODS MFG. - WHOLESALE,7.776
CA,2014,GRAIN OR RICE MILLING; FEED MFG,5.942
CA,2063,DAIRY PRODUCTS OR ICE MFG,5.175
CA,2081,BUTCHERING; STOCKYARDS,9.672
CA,2095,MEAT PRODUCTS MFG,7.908
CA,2102,FRUIT/VEGETABLE EVAPORATION/DEHYDRATING,
CA,2107,FRUIT – FRESH FRUIT PACKING AND HANDLING,4.731
CA,2108,FRUIT – CITRUS FRUIT PACKING AND HANDLING,5.636
CA,2109,FRUIT – DRIED FRUIT PACKING AND HANDLING,7.508
CA,2111,FRUIT/VEGETABLE PRESERVING/PICKLING; OLIVE HANDLING,6.537
CA,2113,FISH OR SEAFOOD PRODUCTS MFG,11.854
CA,2116,JUICE OR JUICE CONCENTRATE MFG,5.663
CA,2117,FRUIT/VEGETABLE PROCESSING – FROZEN,7.629
CA,2121,BREWERIES,2.949
CA,2123,FRUIT/VEGETABLE PROCESSING – FRESH – READY-TO-EAT,6.834
CA,2142,WINERIES; DISTILLING; VINEGAR MFG,2.850
CA,2163,BOTTLING – BEVERAGES,7.640
CA,2222,"SPINNING, WEAVING, OR FIBER PROCESSING",8.000
CA,2362,KNITTING,11.169
CA,2402,CARPET OR RUG MFG,10.764
CA,2413,TEXTILES,5.585
CA,2501,CLOTHING MFG; HAT MFG; TAILORING; LAMPSHADE MFG; FLOWER MFG,6.324
CA,2570,MATTRESS OR BOX SPRINGS MFG,10.378
CA,2571,"PILLOW, QUILT, COMFORTER OR CUSHION MFG",12.306
CA,2576,"AWNING, TARP OR CANVAS GOODS MFG",8.915
CA,2584,"CARPET, RUG OR UPHOLSTERY CLEANING",5.893
CA,2585,LAUNDRIES; DYEING,7.532
CA,2589,DRY CLEANING OR LAUNDRY,5.082
CA,2660,BOOT OR SHOE MFG OR REPAIRING,8.747
CA,2683,LUGGAGE MFG,5.204
CA,2688,LEATHER GOODS MFG,7.585
CA,2702,LOGGING; LAND CLEARING; WOOD CHOPPING/TIE MAKING,19.986
CA,2710,SAWMILLS OR SHINGLE MILLS; LOG CHIPPING; WOOD TREATING/PRESERVING,7.205
CA,2727,LOG HAULING,17.689
CA,2731,PLANING OR MOULDING MILLS,6.920
CA,2757,"PALLET MFG, REPAIR OR RECONDITIONING; PALLET DEALERS",8.801
CA,2759,WOODEN BOX OR CONTAINER MFG,6.318
CA,2790,PATTERN OR MODEL MFG,1.890
CA,2797,MOBILE HOME MFG; AUTOMOBILE BODY MFG; RECREATION VEHICLE MFG,11.192
CA,2806,"DOOR, SASH OR WINDOW MFG – WOOD; SHUTTER MFG – WOOD/PLASTIC",5.804
CA,2812,CABINET MFG – WOOD,6.004
CA,2819,TRUSS OR BUILDING COMPONENTS MFG – WOOD,6.165
CA,2840,PICTURE FRAME ASSEMBLY; PICTURE OR ARTWORK FRAMING,3.706
CA,2842,WOOD PRODUCTS MFG,6.266
CA,2852,WINDOW BLIND MFG OR ASSEMBLY,9.655
CA,2881,FURNITURE ASSEMBLING; COFFIN/CASKET MFG OR ASSEMBLING,10.150
CA,2883,FURNITURE MFG – WOOD,11.662
CA,2915,VENEER OR VENEER PRODUCTS MFG,4.750
CA,2923,MUSICAL INSTRUMENT MFG – NOT METAL,4.620
CA,3018,STEEL MAKING OR PROCESSING,2.405
CA,3022,"PIPE, TUBE OR EXTRUSION MFG – NOT IRON OR STEEL",7.502
CA,3030,IRON OR STEEL WORKS – STRUCTURAL,8.744
CA,3039,REINFORCING STEEL FABRICATION,7.734
CA,3040,IRON OR STEEL WORKS – NON–STRUCTURAL – SHOP,6.120
CA,3060,DOOR/WINDOW MFG – METAL OR PLASTIC; DOOR/WINDOW FRAME/SCREEN MFG,7.620
CA,3066,SHEET METAL PRODUCTS MFG; ALUMINUM WARE MFG; COPPERSMITHING,5.062
CA,3070,COMPUTER MEMORY DISK MFG,
CA,3076,FURNITURE MFG – METAL; WHEELCHAIR MFG,5.336
CA,3081,FOUNDRIES – IRON,11.401
CA,3082,FOUNDRIES – STEEL CASTINGS,15.084
CA,3085,FOUNDRIES – NONFERROUS,15.093
CA,3099,TOOL MFG – NOC,4.149
CA,3110,FORGING WORKS; BLACKSMITHING,6.402
CA,3131,CLOTHING BUTTON/FASTENER MFG; ENGRAVING; WINE BOTTLE CORK MFG,4.241
CA,3146,HARDWARE MFG; HEAT TREATING,4.224
CA,3152,NAIL/TACK/RIVET MFG; NUT/BOLT/SCREW MFG; SCREW MACHINE PRODUCTS MFG,3.954
CA,3165,AIR COND/REFRIGERATION EQUIP MFG; REFRIGERATOR MFG; SOLAR PANEL MFG,4.292
CA,3169,STOVE OR OVEN MFG; WATER HEATER MFG,4.873
CA,3175,FURNACE OR HEATER MFG,5.035
CA,3178,ELECTRONIC ELEMENT MFG,1.989
CA,3179,ELECTRICAL APPARATUS MFG,2.636
CA,3180,LIGHT FIXTURE OR LAMP MFG OR ASSEMBLY,4.838
CA,3220,CAN MFG,2.565
CA,3241,"WIRE, WIRE ROPE OR WIRE CABLE MFG – WIRE DRAWING",4.227
CA,3257,WIRE GOODS MFG,5.097
CA,3339,FOUNDRIES – INVESTMENT CASTING,6.142
CA,3365,WELDING OR CUTTING,5.475
CA,3372,ELECTROPLATING; BUFFING/POLISHING METAL; GALVANIZING,5.904
CA,3383,JEWELRY MFG; CLOCK MFG; WATCH MFG; TROPHY MFG,2.913
CA,3400,METAL GOODS MFG,7.065
CA,3401,TUBE OR PIPE PRODUCTS MFG; GATE OR CORRAL MFG,4.655
CA,3501,MACHINERY MFG – PORTABLE TOOLS; MACHINERY MFG – SWIMMING POOL/SPA,5.811
CA,3507,MACHINERY OR EQUIPMENT MFG,4.011
CA,3560,MACHINERY MFG – COMMERCIAL AND INDUSTRIAL,3.115
CA,3568,ELECTRICAL CONNECTOR MFG,2.107
CA,3569,ELECTRIC MOTOR MFG OR REPAIR,2.310
CA,3570,ELECTRIC APPLIANCE MFG,3.182
CA,3572,MEDICAL INSTRUMENT MFG,0.806
CA,3573,POWER SUPPLY MFG,1.708
CA,3574,"MACHINE MFG; GOLF CLUB/FISHING ROD MFG, REPAIR OR ASSEMBLY",2.273
CA,3577,PRINTED CIRCUIT BOARD ASSEMBLING,1.020
CA,3612,PUMP/HYDRAULIC APPARATUS MFG OR REPAIR,3.478
CA,3620,BOILER MFG; PLATE STEEL PRODUCTS FABRICATION,6.857
CA,3632,MACHINE SHOPS – NOC,2.692
CA,3634,VALVE MFG,2.856
CA,3643,ELECTRIC POWER/TRANS EQUIP MFG; ELECTRIC CONTROL PANEL MFG,1.566
CA,3647,"BATTERY MFG; LEAD, RECLAIMING OR ALLOYING",6.647
CA,3651,ELECTRICAL WIRE HARNESS MFG,3.708
CA,3681,INSTRUMENT MFG; COMPUTER MFG; TELECOM EQUIP MFG; A/V PRODUCTS MFG,0.480
CA,3682,INSTRUMENT MFG – NON-ELECTRONIC,1.201
CA,3683,SPEAKER MFG,0.470
CA,3719,OIL OR GAS REFINERIES,1.587
CA,3724,MILLWRIGHT WORK; ELECTRICAL MACHINERY/AUXILIARY APPARATUS,4.382
CA,3726,"BOILER INSTALLATION, SERVICE OR REPAIR",2.078
CA,3805,AIRCRAFT ENGINE MFG OR REBUILDING; AUTO/TRUCK ENGINE MFG,1.420
CA,3808,AUTO OR MOTORCYCLE MFG OR ASSEMBLING,4.332
CA,3815,"TRUCK, TRUCK TRAILER OR BUS MFG/ASSEMBLING; TRUCK BODY MFG",5.762
CA,3821,AUTO OR AUTO TRUCK PARTS DISMANTLING,8.635
CA,3828,AUTO OR TRUCK PARTS REBUILDING,4.075
CA,3830,AIRCRAFT/SPACECRAFT MFG; UNMANNED AIRCRAFT SYSTEM MFG – 55 POUNDS OR HEAVIER,1.965
CA,3831,MACHINE SHOPS – AIRCRAFT COMPONENTS,2.918
CA,3840,"AUTO, TRUCK OR MOTORCYCLE PARTS MFG",5.271
CA,4000,SAND OR GRAVEL DIGGING; CLAY DIGGING; SALT PRODUCTION; DREDGING,3.609
CA,4034,CONCRETE PRODUCTS MFG,5.863
CA,4036,PLASTER BOARD MFG,5.125
CA,4038,PLASTER OR CONCRETE STATUARY OR ORNAMENT MFG; TAXIDERMIST,7.374
CA,4041,BRICK OR CLAY BUILDING PRODUCTS MFG,4.263
CA,4049,POTTERY PRODUCTS MFG,4.214
CA,4111,GLASSWARE MFG; INCANDESCENT LAMP MFG; CATHEDRAL/ART GLASS MFG,2.650
CA,4112,INTEGRATED CIRCUIT AND SEMICONDUCTOR WAFER MFG,0.346
CA,4114,GLASSWARE MFG,3.346
CA,4130,GLASS MERCHANTS,7.071
CA,4150,OPTICAL GOODS MFG; LENS MFG,2.655
CA,4239,PAPER OR CARDBOARD STOCK MFG; FIBER PRODUCTS MFG,3.859
CA,4240,BOX MFG – PAPER OR CARDBOARD – RIGID,6.981
CA,4243,BOX MFG – PAPER OR CARDBOARD – FOLDING,4.696
CA,4244,CORRUGATED OR FIBER BOARD CONTAINER MFG,5.263
CA,4250,PAPER COATING/LAMINATING; COMPUTER PRINTING/TYPEWRITER RIBBON MFG/REFURBISHING,4.940
CA,4251,ENVELOPE MFG,4.914
CA,4279,PAPER GOODS MFG; BAG MFG,6.899
CA,4283,BUILDING OR ROOFING PAPER OR FELT ASPHALT SATURATION,3.319
CA,4286,BAG MFG – PLASTIC,7.381
CA,4295,PRINTING OPERATION – SCREEN PRINTING; SCREEN PRINTED MERCHANDISE DEALERS,5.383
CA,4297,ELECTRONIC PRE-PRESS; GRAPHIC DESIGN,0.253
CA,4299,PRINTING OPERATION / BOOKBINDING OPERATION – ALL OTHER EMPLOYEES,3.719
CA,4304,NEWSPAPER PUBLISHING OR PRINTING – ALL OTHER EMPLOYEES,5.386
CA,4351,PHOTO ENGRAVING,2.967
CA,4354,PRINTED CIRCUIT BOARD MFG,2.366
CA,4361,PHOTOGRAPHERS; PHOTOFINISHING,1.393
CA,4362,MOTION PICTURES – NEGATIVE AND PRINT PROCESSORS,1.080
CA,4410,RUBBER GOODS MFG,5.954
CA,4420,RUBBER TIRE RECAPPING OR RETREADING,8.865
CA,4432,PEN OR MECHANICAL PENCIL MFG,5.046
CA,4470,"WIRE, WIRE ROPE OR WIRE CABLE MFG – NO WIRE DRAWING",3.186
CA,4478,PLASTIC GOODS MFG,5.039
CA,4492,"SIGN MFG – METAL, PLASTIC OR WOOD",5.523
CA,4494,PLASTICS – BLOW MOLDED PRODUCTS MFG,7.134
CA,4495,PLASTICS – EXTRUSION MOLDED PRODUCTS MFG,3.900
CA,4496,PLASTICS – FABRICATED PRODUCTS MFG,5.709
CA,4497,PLASTICS – FIBER REINFORCED PLASTIC PRODUCTS MFG,5.623
CA,4498,PLASTICS – INJECTION MOLDED PRODUCTS MFG,5.533
CA,4499,PLASTICS – THERMOFORMED PRODUCTS MFG,5.833
CA,4511,ANALYTICAL OR TESTING LABORATORIES,0.542
CA,4512,BIOMEDICAL RESEARCH LABORATORIES,0.178
CA,4557,"INK, ADHESIVE, POLISH OR WAX PRODUCTS MFG",4.367
CA,4558,"PAINT, VARNISH OR LACQUER MFG; RESIN MFG",2.901
CA,4611,"DRUG, MEDICINE OR PHARMACEUTICAL PREPARATIONS MFG",1.367
CA,4623,"COSMETIC, PERSONAL CARE OR PERFUMERY PRODUCTS MFG",5.820
CA,4635,OXYGEN OR HYDROGEN MFG,3.585
CA,4665,RENDERING OR FERTILIZER MFG,8.273
CA,4683,VEGETABLE OIL MFG OR REFINING; COTTONSEED OIL MFG OR REFINING,3.980
CA,4691,ORTHOTIC OR PROSTHETIC DEVICE MFG,1.972
CA,4692,DENTAL LABORATORIES,1.532
CA,4720,SOAP OR SYNTHETIC DETERGENT MFG,4.947
CA,4740,OIL REFINING – PETROLEUM; ASPHALT/TAR DISTILLING/REFINING; GASOLINE RECOVERY,1.358
CA,4771,EXPLOSIVE MFG; ROCKET PROPELLANT MFG,1.235
CA,4828,CHEMICAL MIXING OR REPACKAGING,3.713
CA,4829,CHEMICAL MFG,2.081
CA,4831,VITAMIN OR DIETARY SUPPLEMENT MFG,5.418
CA,4983,GASKET MFG,5.038
CA,5020,CEILING INSTALLATION – SUSPENDED,3.493
CA,5027,MASONRY – LOW WAGE,9.656
CA,5028,MASONRY – HIGH WAGE,5.094
CA,5029,CONCRETE OR ASPHALT SAWING OR DRILLING,6.373
CA,5040,IRON OR STEEL ERECTION – STRUCTURAL; BRIDGE BUILDING; PAINTING – STEEL STRUCTURES OR BRIDGES,10.425
CA,5102,IRON/STEEL/BRASS/BRONZE/ALUMINUM ERECTION; FLOOR INSTALLATION – ELEVATED,6.366
CA,5107,"DOOR, DOOR FRAME/PRE-GLAZED WINDOW INSTALLATION",6.384
CA,5108,DOOR INSTALLATION – OVERHEAD DOORS,8.035
CA,5128,"INSTRUMENT INSTALLATION, SERVICE OR REPAIR",1.450
CA,5129,"INTEGRATED CIRCUIT/SEMICONDUCTOR PROCESSING EQUIP INSTALLATION, SERVICE OR REPAIR",0.420
CA,5130,"PROGRAMMABLE CONTROLS/BLDG AUTOMATION/ENERGY MGMT INSTALLATION, SERVICE OR REPAIR",1.724
CA,5140,ELECTRICAL WIRING – HIGH WAGE,2.180
CA,5146,CABINET OR FIXTURES; SIGN INSTALLATION OR REPAIR,5.906
CA,5160,ELEVATOR ERECTION OR REPAIR,1.555
CA,5183,PLUMBING/REFRIGERATION EQUIP/HEATING OR A/C EQUIPMENT – LOW WAGE,5.905
CA,5184,STEAM PIPE OR BOILER INSULATION,2.972
CA,5185,AUTOMATIC SPRINKLER INSTALLATION – LOW WAGE,5.378
CA,5186,AUTOMATIC SPRINKLER INSTALLATION – HIGH WAGE,2.434
CA,5187,PLUMBING/REFRIGERATION EQUIP/HEATING OR A/C EQUIPMENT – HIGH WAGE,2.817
CA,5190,ELECTRICAL WIRING – LOW WAGE,3.863
CA,5191,"OFFICE MACHINE OR POS EQUIPMENT INSTALLATION, SERVICE OR REPAIR",2.553
CA,5192,VENDING OR COIN-OPERATED MACHINES,4.500
CA,5193,"COMPUTER/TELEPHONE SYSTEM/EQUIPMENT INSTALLATION, SERVICE OR REPAIR",1.182
CA,5195,COMMUNICATIONS CABLING,2.822
CA,5201,CONCRETE OR CEMENT WORK – LOW WAGE,8.529
CA,5205,CONCRETE OR CEMENT WORK – HIGH WAGE,4.913
CA,5212,CONCRETE PUMPING,6.825
CA,5213,CONCRETE CONSTRUCTION,5.343
CA,5214,CONCRETE OR CEMENT WORK,4.318
CA,5222,CONCRETE CONSTRUCTION – BRIDGES; CHIMNEY CONSTRUCTION,6.797
CA,5225,REINFORCING STEEL INSTALLATION,5.733
CA,5348,"TILE, STONE, MOSAIC OR TERRAZZO WORK",5.218
CA,5403,CARPENTRY – NOC – LOW WAGE,12.520
CA,5432,CARPENTRY – NOC – HIGH WAGE,5.511
CA,5436,HARDWOOD FLOOR LAYING,5.297
CA,5443,LATHING,5.812
CA,5446,WALLBOARD INSTALLATION – LOW WAGE,6.454
CA,5447,WALLBOARD INSTALLATION – HIGH WAGE,3.353
CA,5467,GLAZIERS – AWAY FROM SHOP – LOW WAGE,7.768
CA,5470,GLAZIERS – AWAY FROM SHOP – HIGH WAGE,3.450
CA,5473,ASBESTOS ABATEMENT,11.388
CA,5474,PAINTING; WATERPROOFING; PAINTING/WALLPAPER INSTALLATION – LOW WAGE,8.815
CA,5479,INSULATION WORK,5.609
CA,5482,PAINTING; WATERPROOFING; PAINTING/WALLPAPER INSTALLATION – HIGH WAGE,4.948
CA,5484,PLASTERING OR STUCCO WORK – LOW WAGE,8.751
CA,5485,PLASTERING OR STUCCO WORK – HIGH WAGE,6.680
CA,5506,STREET OR ROAD CONSTRUCTION – PAVING,5.795
CA,5507,STREET OR ROAD CONSTRUCTION – GRADING,3.936
CA,5538,SHEET METAL WORK; HEATING OR A/C DUCTWORK – LOW WAGE,6.083
CA,5542,SHEET METAL WORK; HEATING OR A/C DUCTWORK – HIGH WAGE,3.795
CA,5552,ROOFING – LOW WAGE,21.672
CA,5553,ROOFING – HIGH WAGE,12.566
CA,5606,CONTRACTORS – EXECUTIVE LEVEL SUPERVISORS,0.872
CA,5610,CONTRACTORS – ALL CONSTRUCTION SUBCONTRACTED,3.750
CA,5632,STEEL FRAMING – LOW WAGE,12.520
CA,5633,STEEL FRAMING – HIGH WAGE,5.511
CA,5650,TERMITE CONTROL WORK,8.866
CA,5951,"SERUM, ANTITOXIN OR VIRUS MFG",0.501
CA,6003,PILE DRIVING; WHARF BUILDING; BRIDGE/TRESTLE CONSTRUCTION – WOOD,10.110
CA,6011,DAM CONSTRUCTION,3.279
CA,6204,DRILLING,8.295
CA,6206,OIL/GAS WELLS – CEMENTING/ACIDIZING/FRACTURING; VACUUM TRUCK SVC/GRAVEL PACKING,3.045
CA,6213,OIL/GAS WELLS – SPECIALTY TOOL COMPANIES,2.929
CA,6216,OIL/GAS LEASE WORK,3.455
CA,6218,EXCAVATION/GRADING LAND/LAND LEVELING – LOW WAGE,5.581
CA,6220,EXCAVATION/GRADING LAND/LAND LEVELING – HIGH WAGE,3.729
CA,6233,OIL/GAS PIPE LINE CONSTRUCTION,2.244
CA,6235,OIL/GAS WELLS – DRILLING OR REDRILLING/INSTALL/RECOVERY OF CASING; DRILLING GEOTHERMAL WELLS,4.973
CA,6237,OIL/GAS WELLS – WIRELINE SERVICE/PERFORATING OF CASING,2.385
CA,6251,TUNNELING OR UNDERGROUND MINING,5.484
CA,6258,FOUNDATION PREPARATION WORK,4.838
CA,6307,SEWER CONSTRUCTION – LOW WAGE,7.699
CA,6308,SEWER CONSTRUCTION – HIGH WAGE,4.263
CA,6315,WATER/GAS MAINS CONSTRUCTION – LOW WAGE,5.101
CA,6316,WATER/GAS MAINS CONSTRUCTION – HIGH WAGE,3.259
CA,6325,CONDUIT CONSTRUCTION OR UNDERGROUND WIRING,3.936
CA,6361,CANAL/JETTY/BREAKWATER CONSTRUCTION; CROSS-COUNTRY WATER PIPELINE CONSTRUCTION,2.580
CA,6364,IRRIGATION PIPE INSTALLATION,5.271
CA,6400,FENCE CONSTRUCTION,6.220
CA,6504,FOOD PRODUCTS MFG OR PROCESSING,7.695
CA,6834,BOAT BUILDING OR REPAIRING,4.781
CA,7133,RAILROAD OPERATION,2.266
CA,7198,PARCEL DELIVERY COMPANIES; ARMORED TRANSPORT SERVICES,10.936
CA,7207,STABLES; CLUBS – RIDING; HORSE SHOWS/RODEOS/PACK TRAINS; RACING STABLES – HARNESS,10.431
CA,7219,TRUCKING FIRMS; EXPRESS COMPANIES; MOBILE CRANE/HOISTING SERVICE,7.547
CA,7227,"AUTO/TRUCK TOWING, ROADSIDE ASSISTANCE OR FREEWAY SERVICE PATROL",8.193
CA,7232,MAIL DELIVERY SERVICE COMPANIES,6.171
CA,7248,MARINE APPRAISERS OR SURVEYORS,2.079
CA,7272,WATER TRUCK SERVICE COMPANIES,12.012
CA,7332,AMBULANCE SERVICES,3.773
CA,7360,FREIGHT HANDLERS; FREIGHT FORWARDERS OR CONSOLIDATORS,6.931
CA,7365,TAXICAB OPERATIONS,8.474
CA,7382,"BUS, SHUTTLE VAN OR LIMOUSINE OPERATIONS",8.596
CA,7392,BEER DEALERS – WHOLESALE,6.152
CA,7403,AIRCRAFT OPERATION – SCHEDULED – ALL OTHERS,6.203
CA,7405,AIRCRAFT OPERATION – SCHEDULED – FLYING CREW,1.587
CA,7409,AIRCRAFT OPERATION – AGRICULTURAL – FLYING CREW,7.217
CA,7410,AIRCRAFT OPERATION – AGRICULTURAL – ALL OTHERS,6.602
CA,7421,AIRCRAFT OPERATION – PERSONNEL TRANSPORT – FLYING CREW,0.798
CA,7424,AIRCRAFT OPERATION – FLYING CREW,2.312
CA,7428,AIRCRAFT OPERATION – ALL OTHERS,2.836
CA,7429,AIRPORT OPERATORS,2.160
CA,7500,GAS WORKS,2.816
CA,7515,OIL OR GAS PIPELINE OPERATION,1.402
CA,7520,WATER COMPANIES,2.816
CA,7538,ELECTRIC POWER LINE CONSTRUCTION,2.385
CA,7539,ELECTRIC POWER COMPANIES,1.683
CA,7580,SANITARY OR SANITATION DISTRICTS OPERATION,3.756
CA,7600,COMMUNICATION SERVICE PROVIDERS,7.275
CA,7601,AERIAL LINE CONSTRUCTION,3.792
CA,7605,SECURITY OR FIRE ALARM INSTALLATION OR REPAIR,2.767
CA,7607,VIDEO POST-PRODUCTION; AUDIO POST-PRODUCTION,0.136
CA,7610,"RADIO, TELEVISION OR COMMERCIAL BROADCASTING STATIONS",0.567
CA,7706,FIREFIGHTING OPERATIONS – NOT VOLUNTEERS,8.229
CA,7707,FIREFIGHTING OPERATIONS – VOLUNTEERS,390.761
CA,7720,POLICE AND OTHER LAW ENFORCEMENT OFFICERS – NOT VOLUNTEERS,3.074
CA,7721,DETECTIVE OR PRIVATE INVESTIGATIVE AGENCIES,4.983
CA,7722,POLICE AND OTHER LAW ENFORCEMENT OFFICERS – VOLUNTEERS,168.523
CA,7855,RAILROAD CONSTRUCTION – ALL OPERATIONS,3.375
CA,8001,STORES – FLORISTS,5.705
CA,8004,STORES – GARDEN SUPPLIES,3.324
CA,8006,STORES – GROCERIES – RETAIL; STORES – FRUIT OR VEGETABLES – RETAIL,4.080
CA,8008,"STORES – CLOTHING, SHOES, LINENS OR FABRIC PRODUCTS – RETAIL",2.727
CA,8010,"STORES – HARDWARE, ELECTIRCAL OR PLUMBING SUPPLIES",2.378
CA,8013,STORES – JEWELRY; STORES – EYEWEAR,1.069
CA,8015,STORES – FURNITURE,5.356
CA,8017,STORES – RETAIL – NOC; STORES – HARDWARE; LINEN RENTAL/RESTROOM SUPPLY SVCS; PRODUCT DEMONSTRATORS,2.885
CA,8018,STORES – WHOLESALE,6.131
CA,8019,PRINTING – QUICK PRINTING; DOCUMENT DUPLICATION/PHOTOCOPYING,1.802
CA,8021,STORES – MEAT/FISH/POULTRY – WHOLESALE,9.763
CA,8028,EQUIPMENT OR MACHINERY RENTAL YARDS,4.526
CA,8031,"STORES – MEAT, FISH OR POULTRY – RETAIL",5.393
CA,8032,"STORES – CLOTHING, SHOES, LINENS OR FABRIC PRODUCTS – WHOLESALE",5.475
CA,8039,STORES – DEPARTMENT STORES – RETAIL,3.907
CA,8041,STORES – WINE OR SPIRITS – WHOLESALE,6.559
CA,8042,STORES – FLOOR COVERING,2.987
CA,8046,STORES – AUTO/TRUCK PARTS OR ACCESSORIES,3.605
CA,8057,BOAT DEALERS,2.951
CA,8059,STORES – TILE OR CABINETS,3.845
CA,8060,"STORES – WINE, BEER OR SPIRITS – RETAIL",1.875
CA,8061,STORES – CONVENIENCE,4.637
CA,8062,STORES – COMPUTER,1.280
CA,8063,STORES – LIGHTING FIXTURES,3.820
CA,8064,STORES – OFFICE SUPPLIES,3.045
CA,8065,STORES – PAINT OR PAINT SUPPLIES,2.403
CA,8066,STORES – BICYCLES AND BICYCLE ACCESSORIES,2.706
CA,8071,"STORES – BOOKS, VIDEO MEDIA OR RECORDED AUDIO MEDIA – RETAIL",0.800
CA,8078,SANDWICH SHOPS; BEVERAGE PREPARATION SHOPS; ICE CREAM/FROZEN YOGURT SHOPS,1.434
CA,8102,SEED MERCHANTS,2.087
CA,8106,METAL STOCK DEALERS,5.802
CA,8107,MACHINERY AND EQUIPMENT DEALERS,2.610
CA,8116,FARM MACHINERY DEALERS OR REPAIR FACILITIES,2.450
CA,8117,STORES – FEED/TACK/FARM SUPPLIES,6.065
CA,8209,VEGETABLES – FRESH VEGETABLES OR TOMATO PACKING AND HANDLING,6.257
CA,8215,"HAY, GRAIN OR FEED DEALERS; WAREHOUSES – GRAIN OR BEAN",9.197
CA,8227,CONSTRUCTION OR ERECTION PERMANENT YARDS OR SHOPS,5.022
CA,8232,LUMBERYARDS; BUILDING MATERIAL DEALERS; FUEL AND MATERIAL DEALERS,5.951
CA,8267,MACHINERY OR EQUIPMENT DEALERS – SECONDHAND,5.127
CA,8278,RACING STABLES – JOCKEYS/HARNESS DRIVERS,319.394
CA,8286,LIVESTOCK DEALERS/AUCTION YARDS,8.001
CA,8290,WAREHOUSES – SELF STORAGE – ALL OTHERS,3.594
CA,8291,WAREHOUSES – COLD STORAGE; WAREHOUSES – CLIMATE CONTROLLED STORAGE,5.075
CA,8292,WAREHOUSES – GENERAL MERCHANDISE,8.237
CA,8293,WAREHOUSES – FURNITURE; FURNITURE MOVING,10.522
CA,8304,GRAIN ELEVATORS OR STORAGE WAREHOUSES,7.627
CA,8324,GASOLINE STATIONS,3.401
CA,8350,GASOLINE OR OIL DEALERS – WHOLESALE,5.719
CA,8370,AUTOMOBILE OR TRUCK RADIO OR ALARM INSTALLATION OR REPAIR,1.713
CA,8387,AUTO/TRUCK GASOLINE SERVICE STATIONS; AUTO/TRUCK OIL/FLUID SERVICE FACILITIES; AUTO/TRUCK WASHING FACILITIES,3.399
CA,8388,RUBBER TIRE DEALERS,4.060
CA,8389,AUTO OR TRUCK REPAIR FACILITIES,3.344
CA,8390,"AUTO, TRUCK OR VAN CONVERSION OR CUSTOMIZING",3.025
CA,8391,AUTO OR TRUCK DEALERS,2.327
CA,8392,AUTO OR TRUCK STORAGE GARAGES OR PARKING LOTS,4.638
CA,8393,AUTO OR TRUCK BODY REPAIRING AND PAINTING,2.926
CA,8397,AUTO OR TRUCK TRANSMISSION REPAIRING AND REBUILDING,4.972
CA,8400,MOTORCYCLE DEALERS OR REPAIR FACILITIES,2.089
CA,8500,METAL SCRAP DEALERS,6.837
CA,8601,ENGINEERS – CONSULTING; OIL OR GAS GEOLOGISTS/SCOUTS; FOREST ENGINEERS,0.378
CA,8631,RACING STABLES – ALL OTHER EMPLOYEES,10.564
CA,8720,INSPECTION FOR INSURANCE/SAFETY/VALUATION; ELEVATOR INSPECTING; WEIGHERS/SAMPLERS/INSPECTORS ON DOCKS/RAIL STATIONS/WAREHOUSES; UNMANNED AIRCRAFT SYSTEM OPERATION – LESS THAN 55 POUNDS,2.079
CA,8729,ELEVATOR SERVICE INSPECTIONS/OILING/ADJUSTING – NO REPAIR,0.987
CA,8740,APT/CONDO COMPLEX / BLDG / WAREHOUSES / COMM & RES MIXED-USE BLDG OPERATION – PROPERTY MGMT SUPERVISORS,1.393
CA,8741,REAL ESTATE AGENCIES,0.158
CA,8742,SALESPERSONS – OUTSIDE,0.349
CA,8743,MORTGAGE BROKERS,0.115
CA,8744,BOY/GIRL SCOUT COUNCILS – DISTRICT EXECS,0.349
CA,8745,NEWS AGENTS OR DISTRIBUTORS OF MAGAZINES/PERIODICALS,11.282
CA,8746,NEWSPAPER PUBLISHING – REPORTERS/PHOTOGRAPHERS,0.349
CA,8748,AUTO OR TRUCK DEALERS – SALESPERSONS,0.762
CA,8749,MORTGAGE BANKERS,0.129
CA,8755,LABOR UNIONS,0.682
CA,8800,MAILING OR ADDRESSING COMPANIES,3.792
CA,8801,CREDIT UNIONS,0.445
CA,8803,"AUDITING, ACCOUNTING OR MANAGEMENT CONSULTING",0.099
CA,8804,SUBSTANCE USE DISORDER RECOVERY HOMES; SOCIAL REHAB FACILITIES FOR ADULTS,2.836
CA,8806,SHELTERED WORKSHOPS,2.941
CA,8807,"NEWSPAPER, MAGAZINE OR BOOK PUBLISHING",0.170
CA,8808,BANKS,0.426
CA,8810,CLERICAL OFFICE EMPLOYEES,0.222
CA,8811,LIBRARIES – PRIVATE – PROFESSIONAL EMPLOYEES,0.222
CA,8812,LIBRARIES – PUBLIC,0.222
CA,8813,PRINTING OPERATION – EDITING AND DESIGNING; BOOKBINDING OPERATION – EDITING AND DESIGNING,0.567
CA,8818,NEWSPAPER PUBLISHING OR PRINTING – EDITING AND DESIGNING,0.356
CA,8820,LAW FIRMS,0.220
CA,8821,LAW FIRM SUPPORT SERVICES,0.680
CA,8822,INSURANCE COMPANIES,0.377
CA,8823,RESIDENTIAL CARE FACILITIES  FOR CHILDREN,3.428
CA,8827,HOME CARE SERVICES; NURSING CARE,2.888
CA,8829,SKILLED NURSING FACILITIES; CONVALESCENT NURSING FACILITIES,2.928
CA,8830,INSTITUTIONAL EMPLOYEES,1.473
CA,8831,HOSPITALS – VETERINARY; KENNELS,1.555
CA,8834,PHYSICIANS’ PRACTICES/OUTPATIENT CLINICS,0.999
CA,8838,MUSEUMS,1.133
CA,8839,DENTAL OR ORTHODONTIA PRACTICES,0.967
CA,8840,"CHURCHES, TEMPLES, MOSQUES AND SYNAGOGUES",0.293
CA,8846,PRINTING OPERATION – SCREEN PRINTING – EDITING AND DESIGNING; SCREEN PRINTED MERCHANDISE DEALERS,1.488
CA,8847,BEVERAGE CONTAINER COLLECTION OR REDEMPTION,6.982
CA,8850,CHECK CASHERS,1.996
CA,8851,CONGREGATE LIVING FACILITIES – ELDERLY,3.658
CA,8852,HOME INFUSION THERAPISTS,1.707
CA,8859,COMPUTER PROGRAMMING/SOFTWARE DEVELOPMENT; INTERNET/WEB-BASED APPLICATION DEVELOPMENT,0.034
CA,8868,COLLEGES OR SCHOOLS – PRIVATE – PROFESSIONALS,0.801
CA,8870,FITNESS INSTRUCTION PROGRAMS OR STUDIOS,1.014
CA,8871,CLERICAL TELECOMMUTER EMPLOYEES,0.099
CA,8874,INSTRUMENT MFG–ELECTRONIC–DESIGN; COMPUTER MFG-DESIGN; TELECOMMUNICATIONS EQUIP MFG-DESIGN; AUDIO/VIDEO PRODUCTS MFG-DESIGN; INTEGRATED CIRCUIT MFG-DESIGN,0.043
CA,8875,PUBLIC COLLEGES OR SCHOOLS; SUPERINTENDENT OF PUBLIC SCHOOLS OFFICE,1.017
CA,9007,APT/CONDO OPERATION FOR SENIORS,4.668
CA,9008,JANITORIAL SERVICES,7.906
CA,9009,COMMERCIAL PROPERTIES – N.O.C. – OTHER,3.148
CA,9010,MOBILE HOME PARK OPERATION – OTHER,4.582
CA,9011,APT/CONDO COMPLEX OPERATION – N.O.C. – OTHER; COMM/RES MIXED-USE – OTHER,4.244
CA,9015,BUILDING OPERATION – N.O.C. – OTHER; CHURCH/TEMPLE/MOSQUE/SYNAGOGUE – OTHER; LIBRARIES – PRIVATE – OTHER,4.993
CA,9016,AMUSEMENT/REC FACILITIES; DOG SHOWS; HORSE SHOWS/RODEOS – NOT STABLE EMPLOYEES; BOAT MARINA/RENTAL OPERATION,3.199
CA,9031,PEST CONTROL,3.912
CA,9033,HOUSING AUTHORITIES,3.848
CA,9043,HOSPITALS,1.968
CA,9048,CAMPS; BOY/GIRL SCOUT COUNCILS – CAMP OPERATIONS,2.395
CA,9050,"HOTELS, MOTELS OR SHORT-TERM RESIDENTIAL HOUSING",6.352
CA,9053,HEALTH CLUBS OR GYMS; SWIMMING POOLS/CLUBS; CLUBS – RACQUET SPORTS,1.957
CA,9054,SPAS OR BATHS,3.295
CA,9058,"HOTELS, MOTELS OR SHORT-TERM RESIDENTIAL HOUSING - FOOD OR BEVERAGE EMPLOYEES",2.888
CA,9059,DAY CARE CENTERS – CHILD,2.005
CA,9060,CLUBS – COUNTRY OR GOLF,4.243
CA,9061,CLUBS – N.O.C.,4.164
CA,9066,HOMEOWNERS ASSOCIATIONS,3.800
CA,9067,CLUBS – BOYS AND GIRLS,1.513
CA,9069,CLUBS – GAMING,3.815
CA,9070,RESIDENTIAL CARE FACILITIES – ELDERLY/ADULTS,5.403
CA,9080,RESTAURANTS - FULL SERVICE,2.888
CA,9081,RESTAURANTS - N.O.C.,2.888
CA,9082,CATERERS - NOT RESTAURANTS,2.888
CA,9083,RESTAURANTS - FAST FOOD OR FAST CASUAL,2.888
CA,9084,BARS OR TAVERNS - NOT RESTAURANTS,2.888
CA,9085,RESIDENT CARE – DEVELOPMENTALLY DISABLED,3.415
CA,9092,BOWLING CENTERS; BILLIARD HALLS; SKATING CENTERS,2.124
CA,9095,"EVENT MARKET, FESTIVAL OR TRADE SHOW OPERATION",3.751
CA,9096,RESIDENTIAL CLEANING SERVICES,9.680
CA,9097,SWIMMING POOL CLEANING AND SERVICING,3.457
CA,9101,COLLEGES OR SCHOOLS – PRIVATE – ALL OTHERS,4.767
CA,9151,THEATERS – MUSICAL ENTERTAINMENT,0.361
CA,9154,THEATERS – NOT MOTION PICTURE,2.529
CA,9155,THEATERS – MOTION PICTURE,0.857
CA,9156,THEATERS – DANCE/OPERA/THEATER COMPANIES,4.399
CA,9180,AMUSEMENT/REC FACILITIES – DEVICE OPERATIONS; SHOOTING CLUBS/RANGES,4.298
CA,9181,ATHLETIC TEAM/FACILITY – PLAYERS AND OFFICIALS,13.514
CA,9182,ATHLETIC TEAM / FACILITY – MAINTENANCE,1.403
CA,9184,SKI RESORTS – ALPINE,9.695
CA,9185,CARNIVALS,7.198
CA,9220,CEMETERY OPERATION; CREMATORY OPERATION,5.715
CA,9402,"SEWER, TANK OR HAZARDOUS SPILL CLEANING",4.251
CA,9403,GARBAGE OR REFUSE COLLECTING; STREET SWEEPING SERVICE COMPANIES; DOCUMENT DESTRUCTION,7.779
CA,9410,MUNICIPAL/STATE/PUBLIC AGENCY,0.904
CA,9420,MUNICIPAL/STATE/PUBLIC AGENCY – OTHERS,7.782
CA,9422,ROAD DISTRICTS OR DEPARTMENTS,2.595
CA,9424,GARBAGE/TRANSFER STATION/MATERIAL RECOVERY; RECYCLED MATERIAL DEALERS,6.040
CA,9426,SEPTIC/PORTABLE TOILET SERVICES,7.055
CA,9501,PAINTING – SHOP ONLY; PAINTING – AUTO/TRUCK BODIES,4.598
CA,9507,SIGN PAINTING OR LETTERING,3.364
CA,9516,"TELEVISION/VIDEO/AUDIO/RADIO EQUIPMENT – INSTALLATION, SERVICE OR REPAIR",2.397
CA,9519,HOUSEHOLD APPLIANCES; WATER SOFTEN/CONDITION/FILTRATION SYSTEM,6.433
CA,9521,HOUSE FURNISHINGS; FLOOR COVERING; WINDOW COVERING,4.558
CA,9522,UPHOLSTERING – FURNITURE; AUTO UPHOLSTERING; UPHOLSTERING – COFFIN/CASKET; UPHOLSTERING – WHEELCHAIR; UPHOLSTERING – NOC,6.713
CA,9529,SCAFFOLDS/CONSTRUCTION ELEVATORS; DECORATING; TENT ERECTION/REMOVAL/REPAIR,6.814
CA,9531,TELECOMM ANTENNA EQUIP INSTALL/SERVICE/REPAIR; SATELLITE TV/INTERNET EQUIP INSTALL/SERVICE/REPAIR,3.292
CA,9549,ADVERTISING COMPANIES,11.948
CA,9552,SIGN ERECTION OR REPAIR,11.310
CA,9586,"BARBER SHOPS, HAIR STYLING SALONS AND PERSONAL APPEARANCE SERVICES",1.450
CA,9610,MOTION PICTURES – PRODUCTION,2.004
CA,9620,FUNERAL DIRECTORS,4.205
